titles,details,images
Exposition  AKACHA في DARNA  du 15 au 31 Décembre,Artiste  Mohamed AkachaExposition  AKACHA في DARNADates   15 12 2023 31 12 2023Vernissage   15 12 2023 à 18hContact   archivart2020 gmail comLieu   Fondation Tunisie pour le développementArchivart présente une exposition rétrospective de l œuvre de l artiste contemporain tunisien AKACHA   la première exposition personnelle en Tunisie en collaboration avec la Fondation Tunisie pour le développement  lui offrant ainsi une reconnaissance institutionnelle Cette exposition propose une lecture très intéressante de l œuvre de Akacha permettant d en comprendre les enjeux  son évolution et d aller au delà du simple aspect ludique et coloré des œuvres  mais elle aurait gagné en profondeur en développant une des période s  ou une série sur plusieurs thématiques politiques  sociales ou environnementales Le grand intérêt de cette rétrospective tient particulièrement dans son objectif caritatif   cette exposition est une production réalisée au profit de l association Darna  Une association qui est née de la conviction que la création artistique peut venir en soutien à l action sociale  afin de réaliser les vœux et rêves d enfants Akacha est un peintre tunisien reconnu pour fusionner le street art  le graffiti  le dripping et les styles abstraits  Son art combine ces éléments pour raconter des histoires riches en couleurs et en personnages  À travers son travail  il crée un monde tragi comique qui transcende la réalité BIOGRAPHIENé à l Arianna dans le grand Tunis dans un quartier populaire Akacha nous raconte dans ses œuvres une vie très colorée et pleine d anecdotes qui s accumulent sur la toile dans une parade unique Entre street art  graffiti  dripping  art abstrait ou figuratif  l art de Akacha est un tout  un mélange unique et authentique  L artiste nous narre la citée dans un sketch graphique qui explose la réalité telle qu il la ressent  regorgeant de couleurs  de personnages  de bouleversements et de sensibilité  Il garde la fraicheur  la moquerie et l amusement dans chaque toile dans le moindre trait et le moindre personnage  Encombrées et vertigineuses ses œuvres invitent le spectateur à voyager dans le monde fabuleux de son imaginaire varié  Δcontact entreprises magazine comredaction entreprises magazine comTél     216 71 788 200Fax    216 71 785 510,https://www.entreprises-magazine.com/wp-content/uploads/2023/12/couverture-1-696x392.jpg
L ATC  LIGUE et l URAMEF organisent la 4ème édition de la Journée Internationale de la Comptabilité,L Association Tunisienne de Comptabilité  ATC   en collaboration avec le laboratoire LIGUE et l Unité de recherche URAMEF  célèbre la 4ème édition de la Journée Internationale de la Comptabilité le 10 novembre 2023 à Sfax  Le thème choisi pour lancer le débat sur les   Impacts de la digitalisation et des technologies de l Intelligence Artificielle sur la profession comptable   intéresse aussi bien les professionnels  les universitaires  les juristes et les instances chargées de la normalisation comptable que les étudiants en expertise comptable et jeunes chercheurs en comptabilité Les textes réglementaires en Tunisie ne sont pas toujours en phase avec les avancées technologiques qui suscitent même de la méfiance dans certains cas  signature électronique  contrat dématérialisé    Pourtant  plusieurs enjeux juridiques méritent d être pris en compte se rapportant  notamment à l éthique  à la souveraineté numérique et à la sécurité des données pour les différents domaines  C est dans ce cadre que Mr Mahdi Louati  Avocat  et Expert en droit numérique et protection des données personnelles  va présenter son intervention les obligations du comptable en matière de protection des données personnelles La transformation digitale et l utilisation des technologies de l Intelligence Artificielle risquent de bouleverser la profession comptable et l impacter sur tous les plans  humain  technique  économique    La prise en compte de tels enjeux pour opérer le changement sera un processus difficile et lent à mettre en œuvre mais devrait entrainer des impacts positifs sur l avenir de la profession  C est dans ce cadre que Mr Ahmed Chabchoub  Maître Assistant en comptabilité et Expert comptable  reviendra sur les défis et les opportunités de la digitalisation de la profession comptable  Par la suite  Mr Ahmed Sallemi  Assistant Manager  cabinet EY  exposera l importance de l audit IT au cœur de la vérification comptable  Enfin  Mr Achraf Maaloul  Expert comptable  apportera un témoignage sur l importance des logiciels d audit pour le professionnel comptable La séance matinale sera clôturée par la signature d une convention de partenariat entre l Association Tunisienne de Comptabilité  ATC  et l Association Tunisienne de la Lutte Contre le Crime Electronique  ATLCCE  La séance de l après midi sera réservée à un atelier de recherche pour la discussion de cinq articles scientifiques destinés à être publiés dans des revues indexées  Δcontact entreprises magazine comredaction entreprises magazine comTél     216 71 788 200Fax    216 71 785 510,https://www.entreprises-magazine.com/wp-content/uploads/2023/10/Capture-decran-2023-10-30-091106.png
La Street Food s invite au Sheraton Tunis,Des échoppes colorées de Delhi aux Food trucks de times square  en passant par des stands pétillants de la Boqueria  la terrasse du Sheraton Tunis s illuminera aux couleurs du monde Du 10 au 17 Juin  le festival international de la Street Food vous invite à un voyage culinaire haut en saveurs Nos chefs talentueux vous guideront pour une virée à travers les délices des rues tunisiennes  libanaises  italiennes  françaises  espagnoles  british  américaines  indiennes  égyptiennes et chinoises  Une line up éclectiques d artistes talentueux accompagnera votre voyage pour mettre tous vos sens en éveil Le festival international de la Street Food est une expérience unique ou luxe et raffinement embrassent convivialité  exotisme  authenticité et chaleur humaine   Δcontact entreprises magazine comredaction entreprises magazine comTél     216 71 788 200Fax    216 71 785 510,https://www.entreprises-magazine.com/wp-content/uploads/2023/06/ISFF-2023.jpg
La 7éme édition de TDS  organisée  sous le Haut Patronage de Mme la Cheffe du Gouvernement,Sous la thématique  Le numérique et l innovation au service de l économie verte   le comité d organisation de TDS organise sa 7éme édition  sous le Haut Patronage de la Cheffe du Gouvernement  Mme Najla Bouden  les 21 et 22 juin 2023 à l hôtel Laico  Tunis  en présentiel et sur la plateforme Eventoo en Virtuel Lors de son honorable présence  Madame la Cheffe du Gouvernement fera le tour des stands d une cinquantaine de startups  ainsi elle remettra les trophées à l inauguration officielle où M  Nizar Ben Neji  Ministre des technologies de la communication et M  Samir Saied  Ministre de l Economie et de la Planification  prononceront des mots d ouverture La 7éme édition de TDS dessine la transition énergétique et climatique par la plume novatrice du numériqueEn réponse à un contexte énergétique et climatique tendu au niveau mondial  tous les secteurs s appelleront inéluctablement à cohérer leurs stratégies avec la transition verte  TDS  comme étant un événement fédérateur  réunira les acteurs du secteur public  du secteur privé  tous secteurs confondus  les bailleurs de fonds et la société civile afin de   Un programme épatant  faisant l exception en termes d enrichissementLes conférences  Autour de la thématique   Le numérique et l innovation au service de l économie verte   des conférenciers nationaux et internationaux de solide renommée se réuniront sur le champ de débat de TDS pour partager des intéressantes perspectives répondant à toute prépondérante question posée par la transition verte tels que les opportunités d investissement et de financement en faveur de l économie verte  Fintech et facture énergétique  IA et Green economy  les villes intelligentes  Agritech et durabilité  industrie 4 0  Smart Grid  transport intelligent  Les workshops  Les plus éminents experts animeront des ateliers édifiants et interactifs autour de sujets actuels et cruciaux en relation avec la technologie et les domaines qui lui sont adjacents  L exposition   Les espaces d exposition permettent aux visiteurs d explorer les principaux acteurs de l écosystème du numérique durant leurs deux jours de visite  Nous distinguons  L espace d exposition dédié à la cinquantaine de startups dont   Les rencontres B2B   Meet Big Buyers     Une quarantaine de grandes entreprises porteuses de projets de transformation digitale ont décrit leurs besoins  auxquels  notre réseau de sponsors et d exposants ainsi que les prestataires et les fournisseurs de solutions digitales feront suite par des demandes de rendez vous B2B  Rencontres B2B   Meet investors     Ces rencontres B2B gratifient une cinquantaine de startups  dans leurs différentes phases de croissance  de rendez vous B2B pré organisés avec 14 investisseurs détenteurs de fonds actifs et qui sont à la recherche d opportunités d investissement  TDS Awards  Exclusivement à TDS  cette cérémonie de remise de prix déroule le tapis rouge devant les champions de la transformation digitale en décernant une diversité de catégories  un prix honorant leurs remarquables efforts  Catégorie   Startup    Cette catégorie est dédiée aux startups  gérée par le Ministre des technologies de la Communication  elle récompensera 3 startups lauréates par un cash prize de 10 000 dinars offert par Tunisie Telecom  Catégorie   Private Sector    Cette catégorie est dédiée aux entreprises privées ayant un projet de transformation digitale  soutenue par AMEN BANK  Catégorie   Woman Digital Transformer    Cette catégorie est dédiée aux femmes leaders dans le domaine du digital  soutenue par Sofrecom  Catégorie   Green Economy Project    Cette catégorie est dédiée aux projets verts de transformation digitale  soutenue par Star Assurances  Catégorie   Média    Cette catégorie est dédiée aux médias en ligne  Catégorie   Best Impactful Influencer    Cette catégorie est dédiée aux influenceurs digitaux  soutenue par Cloud Temple  Tech Nights  Sponsorisé par Cloud Temple  Tech Nights invite les participants à poursuivre leur networking au sein d une ambiance festive et décontractée qui en est stimulante  Hackathon   L ANME  avec l appui de la GIZ  a organisé un hackathon vert autour de la mobilité électrique qui invite les candidats à exploser leur grinta au sein d un milieu d accompagnement inspirant et il récompensera le lauréat d un cash prize de 10 000 dinars  TDS for jobs  Dans une action catalysatrice d emploi   TDS for jobs   ouvre la voie à des perspectives prometteuses d emploi en créant des significatives connexions entre des chercheurs d emploi et des prestigieuses entreprises telles que   veroDIGIT      Sofrecom      PwC Technology Acceleration Center      InstaDeep      KPMG où celles ci dévoilent leurs besoins en ressources humaines TDS Auto Show  C est un espace démonstrateur de l automobile amie de la nature  dans lequel  la marque VOLVO exposera sa gamme de voitures électriques et hybrides  TDS Minutes   C est un ensemble de vidéos promotionnelles que nous lançons avant l événement dans le cadre de notre campagne de communication  L interview de TDS  L interview de TDS est un agréable aménagement à thème qui fait la scène d un ensemble d interviews et de plateaux spéciaux avec nos intervenants durant la scène    Δcontact entreprises magazine comredaction entreprises magazine comTél     216 71 788 200Fax    216 71 785 510,https://www.entreprises-magazine.com/wp-content/uploads/2023/06/TDS-696x363.png
La Tunisie accueille la 2ème édition de la Conférence internationale Women in Data Science and AI,L association RECONNECTT et l initiative Women in Data Science WiDS Tunisia organisent la 2ème édition de la Conférence internationale   Women in Data Science and AI    les 4 et 5 mai 2023 à Tunis L événement  qui se tiendra en version hybride  accueillera des universitaires  des experts et des dirigeants d entreprise ainsi que des porteurs de projets pour discuter des enjeux  des défis et des applications de l intelligence artificielle dans un monde en constante évolution La conférence a pour objectif de sensibiliser le grand public et en particulier les jeunes à la culture de l IA et de créer des ponts entre le monde académique et les professionnels de la Data et de l IA Pendant deux jours  des experts venus de différents horizons présenteront les dernières avancées de l IA  son impact économique ainsi que les défis éthiques et sociaux qu elle pose La conférence portera également une attention particulière aux applications de l IA et à ses effets perturbateurs sur des domaines d activités tels que la médecine  le transport  la finance et la recherche scientifique Des Tunisiennes pionnières dans le domaine de l IA et du Big Data animeront la conférence aux côtés de treize experts en intelligence artificielle et en données  dont neuf conférencières  dont deux invitées étrangères Selon Sami AYARI  fondateur et président de RECONNECTT  le rôle des femmes en Tunisie est de plus en plus important dans les secteurs des hautes technologies Il témoigne du nombre croissant de femmes ingénieures et doctorantes dans des spécialités pointues en relation avec l informatique  l IA et le Big Data Il est convaincu que l avenir technologique et scientifique de la Tunisie se fera avec les femmes tunisiennes  attestant leur compétence dans les nouvelles technologies   Δcontact entreprises magazine comredaction entreprises magazine comTél     216 71 788 200Fax    216 71 785 510,https://www.entreprises-magazine.com/wp-content/uploads/2023/05/RECONNECTT-WOMEN-DATA-IA-2023.jpg
Exposition   Soul Fantasy   de Mohamed Ben Soltane  le 16 avril à 20h30,Artiste  Mohamed Ben Soltane Exposition  Soul Fantasy Dates   16 04 2023 16 05 2023 Vernissage   16 04 2023 à 20h30 Contact   archivart2020 gmail com Galerie   11 Rue Nelson Mandela  Jinen Eddonia 2046 La Marsa  Tunisie  Au monde mystérieux des âmes incarnées  s accorde le monde imaginaire de l artiste Mohamed Ben Soltane  où il réinvente le dialogue entre deux lieux qui l habitent  Porté par un nouveau souffle  Ben Soltane continue à faire danser sa ligne en traversant allègrement les frontières et en cultivant de nouvelles métamorphoses  Un monde fascinant de scènes et de personnages peuplent l exposition   Soul fantasy     un voyage épique ouvert à l interprétation Qu attendez vous pour embarquer dans l aventure  Wafa Gabsi TakaliMohamed Ben Soltane BIOGRAPHIE  Né en 1977 à Tunis  Mohamed Ben Soltane est un artiste visuel tunisien basé entre Montréal et Tunis  Il débute son parcours en tant qu artiste et commissaire d exposition dont les travaux ont été exposées à l international Ben Soltane contribue à la scéne artistique de facon protéiforme   par la recherche  par la plume dans les colonnes de journaux  puis comme co fondateur de plateformes artistique comme  Jiser  et actuellement comme le coordinateur des expositions de MOMENTA Biennale de l image à Montréal        Δcontact entreprises magazine comredaction entreprises magazine comTél     216 71 788 200Fax    216 71 785 510,https://www.entreprises-magazine.com/wp-content/uploads/2023/04/Affiche-dexposition-Soul-Fantasy-Mohamed-Ben-Soltan-1-696x364.jpg
Exposition post documenta15   Les propositions artistiques collectives de citoyens de Redeyef soutenues par la Plateforme Siwa exposées à l Ambassade de Suisse en Tunisie,L été passé  les œuvres collectives de citoyens de Redeyef ont été exposées à la 15ème édition de la documenta  une exposition d art moderne et contemporain de renommée mondiale qui se tient tous les cinq ans durant 100 jours à Cassel en Allemagne  Une reconnaissance prestigieuse pour le travail exceptionnel réalisé par la Plateforme Siwa à Redeyef  dans le bassin minier de Gafsa  avec le soutien notamment de la Suisse Ces œuvres n ayant pas encore été exposées en Tunisie  l Ambassade de Suisse en Tunisie a invité la Plateforme Siwa à organiser dans ses locaux une restitution partielle de l exposition afin de permettre au public en Tunisie de découvrir ces œuvres uniques et poétiques  Cette exposition  financée conjointement par l Ambassade de Suisse en Tunisie et la Fondation Arts   Culture by UIB  a lieu du 9 février au 2 mars 2023 à l Ambassade de Suisse en Tunisie À cette occasion sont présentés au public tunisien   un témoignage filmé de Brahim Ben Ahmed  les dessins photos collages de Mohamed Abidi sur la harga  les écrits et dessins originaux tirés du carnet réalisé par l équipe Siwa à l Économat ainsi que deux vidéos conçues par Okacha Ben Salah   l une en noir et blanc sur la ville de Redeyef  et l autre une visite de l Économat L exposition a été lancée le 9 février à l occasion de portes ouvertes  suivies de discussions échanges entre le public et les membres de Siwa  d un cocktail et d un concert des musiciens de l Économat  Loup Uberto Tahar Ezzedini  Alia Dhahri  Haythem Ben Bousaha  À propos de la Plateforme Siwa La Plateforme Siwa a été créée en 2007  Elle s est associée en 2011 à des artistes et des intellectuels tunisiens  arabes et européens pour initier à Redeyef un travail en commun avec ses habitants  Redeyef se situe dans le bassin minier de Gafsa  d où est extrait le phosphate  C est au cœur de la ville que la plateforme Siwa a fondé en 2014 un Laboratoire Artistique et Citoyen  où les libertés  la parole et la vie publique s expérimentent dans la création  Ce laboratoire s ancre dans un bâtiment   l Économat    Δcontact entreprises magazine comredaction entreprises magazine comTél     216 71 788 200Fax    216 71 785 510,https://www.entreprises-magazine.com/wp-content/uploads/2023/02/Exposition-documenta15.png
Journée de l Entrepreneuriat Migrant 1ère édition  vendredi 30 septembre  TheDot,KUFANYA l incubateur pour migrant entrepreneur organise la toute première journée dédiée à l entrepreneuriat migrant  Faisant suite à l exécution d un programme de formation et d accompagnement individuel d entrepreneurs migrant  une journée dédiée à la promotion de l entrepreneuriat migrant est organisée le vendredi 30 septembre 2022 de 10h00 à 13h30 à TheDot  2 rue du Lac Malaren  Lac 1  1053 Tunis Au cours de cette journée  un groupe composé d entrepreneurs migrant  présenteront leurs projets auprès d un comité qui désignera le meilleur entrepreneur  Cette activité permettra aux acteurs présents  de partager leurs expériences avec les entrepreneurs migrants  Pour se faire  le projet se propose de renforcer la visibilité des entrepreneurs migrants ayant créé leurs entreprises en Tunisie  Cette activité permettra aussi à ces entrepreneurs de relater leurs expériences et difficultés rencontrées sur le marché tunisien   Par cette activité  une session de question réponse aura lieu pour répondre au besoin profond de vulgarisation des réalités entrepreneuriales des entrepreneurs migrants afin de faciliter leur intégration et leur développement au sein de l écosystème entrepreneurial local  Vous trouverez ci joint     L invitation de presse   Journée de l Entrepreneuriat Migrant  vendredi 30 septembre 2022  TheDot   KUFAYNA   Le programme de la Journée de l Entrepreneuriat Migrant  vendredi 30 septembre 2022  TheDot   KUFAYNA https   www entreprises magazine com wp content uploads 2022 09 Programme Journee Entreprenariat Migrant KUFANYA pdf Le visuel des pitchers entrepreneurs migrants   Journée de l Entrepreneuriat Migrant  vendredi 30 septembre 2022  TheDot   KUFAYNA   Le visuel de l animation de danse traditionnelle    Journée de l Entrepreneuriat Migrant  vendredi 30 septembre 2022  TheDot   KUFAYNA   Δcontact entreprises magazine comredaction entreprises magazine comTél     216 71 788 200Fax    216 71 785 510,https://www.entreprises-magazine.com/wp-content/uploads/2022/09/TheDot.jpg
Whale Festival  le mouvement d art et de culture revient les 7 et 8 mai à la Cité des Sciences de Tunis,Whale Festival s inscrit dans le cadre du mouvement généré par la startup Art Culture Studio dans le but de réinventer la société à travers l art et la culture  Ce mouvement s est propagé depuis la première édition du festival en septembre à Hammamet jusqu à atteindre le président de la République et le ministre de la culture  qui en sont devenus les deux premiers membres avec leur carte ACS   Pourtant Whale festival est aujourd hui en danger d annulation  plusieurs sponsors s étant retirés à la dernière minute  après avoir donné un accord de principe  Malgré cela  Whale Festival compte bien tenir cette nouvelle édition  Une tâche rendue possible grâce à l engagement de toutes les équipes des structures partenaires  Qu elles en soient ici remerciées pour que vivent l Art et la Culture   Whale Festival est pluridisciplinaire   il met en avant la nouvelle génération d artistes et de créateurs tunisiens  Sa première édition  en septembre 2021 à Hammamet  avait réuni des artistes d horizons multiples durant 3 jours  révélant des possibilités insoupçonnées de collaborations artistiques et une synergie nouvelle autour d un même objectif  faire vivre l art et la culture en direction de tous les publics  La deuxième édition du Whale Festival est prévue les 7 et 8 mai 2022 à la Cité des Sciences de Tunis  avec une programmation encore plus ambitieuse   2 scènes de musique  plus de 35 musiciens  11 heures de musique rap  15 heures de musique électronique  66 speakers  15 heures de conférences en direct et en différé  36 artistes et créatifs  60 marques jeunes et engagés  2 expositions artistiques exclusives et 6 heures de projection   autant de propositions artistiques que de partenaires qui les portent  Whale Festival est né de notre volonté de transformer l obstacle en opportunité  une véritable confiance en l avenir où nous faisons appel à la communauté des artistes et des passionnés d art et de culture pour nous soutenir et soutenir leur festival en devenant membres à travers les cartes membres ACS Les cartes membres physiques permettent non seulement d accéder aux deux jours du festival et de soutenir les artistes  mais aussi de profiter des évènements réguliers d ACS Club  programmés tout au long de l année  La Carte physique permet aussi de profiter des meilleurs deals partenaires et beaucoup d autres avantages à découvrir  Avec la carte membre digitale  le festival est aussi accessible à distance  Il permet au festivalier d assister aux activités d Art Culture Studio à travers sa plateforme au cours de l année et donne un accès d un jour pour le festival  Rejoignez sans plus tarder la tribu ACS sur Instagram    acstribeEt sur la page d évènement Facebook   https   www facebook com events 1084769632075746Accéder au festival via la plateforme   www whale tn LE PROGRAMME  SPACE KAAK   NASTYSH  TNAQQALULLY SNAKE SAFFWIZZEMPIRE DEFAMEWASSIMBROTHERHOODBROTHERHOOD4LFASTOU RR3D TA9CHIRAKOASTKTYBDHALMANAMIROBAYA BRIQUES BEATS MOOD OVERMAN PERIOD TEA X JASSE SAMDEB SAADOUNBEDOUIDIXMOUNT BARNATHORLOGFAHMANSARAH BORNAZNADS MAHA NOY ÄRADJASTERART CULTURE TALKSARTNour ZarouguiJayeZayene BechirDora Dalila CheffiCamille Lévy  32Bis DESIGNKenentiThomas Egoumenides IndinyaFASHIONTeletextBey and BeyRym HamamiKhaoula BarnatFOODKaiaMariem ChalghoumiMUSICKlinkLaurence TouitouLa FabriqueBSMNTPaul MesguichVIDEOMehdi KlibiNET INFO KwifiyaMourad KalaiGREEN CORNERSOUTENU PAR L UNION EUROPÉENNECOMPOROLLSYMBIOSE HEALHY TASTY FOODNAJEN NATURESCIENSIAHERB INPEDALOLE COIN DU BIOSWANINACRÉMYTOLEBRABABAZAMENLILOUMISOCOLIBRISVILLAGE DES CREATEURSPowered by MINASSAEKCCIBOAUNAGAIAINDINYAFLAP EDDISCOJINNVINTAGE BAE STUDIOFICHIER CACHÉLIFE AFTER LIFECOLLISIONOLFA DIGITAL ARTSHOEZYAZA TOUNSIJEUNES JOUEURS  Δcontact entreprises magazine comredaction entreprises magazine comTél     216 71 788 200Fax    216 71 785 510,https://www.entreprises-magazine.com/wp-content/uploads/2022/04/Nouveau-projet-4-3.jpg
  Tunisia Digital Summit     Un évènement dédié à la transformation digitale et aux technologies émergentes en Tunisie,Le   Tunisia Digital Summit   revient cette année pour une 6ème édition en mode hybride qui se déroulera le 22 et 23 juin 2022 Sous le thème     Maturité digitale   Innovation données et automatisation des processus    cet événement est dédié à la transformation digitale et aux technologies émergentes en Tunisie   Tunisia Digital Summit   rassemblera des experts nationaux et internationaux avec les principaux acteurs du numérique pour échanger et discuter des enjeux de plus en plus importants de la Transformation numérique Cet événement ambitionne pour sa 6ème édition de toucher plus de 2 500 participants et de générer plus d opportunités grâce à une édition hybride qui intègre pendant les deux jours et simultanément les modes d organisation physique et virtuelle   Tunisia Digital Summit   répond à la nécessité pressante de découvrir et de surveiller de près les nouveautés des technologies de rupture qui révolutionnent la vie des citoyens  les entreprises  publiques et privées  ainsi que les divers secteurs économiques Lien pour s inscrire   https   docs google com forms d 16_IUhX3AuUfjgb97A6gqaOYH1KWCOKUgSmegn4abRgE viewform edit_requested true  Δcontact entreprises magazine comredaction entreprises magazine comTél     216 71 788 200Fax    216 71 785 510,https://www.entreprises-magazine.com/wp-content/uploads/2022/04/TDS.png
Retour sur le Forum international sur les Partenariats public privé,En présence de 1200 participants  dont 250 représentants de groupes internationaux  s est tenu le 18 septembre dernier  le Forum international sur les partenariats public privé  PPP  organisé à l initiative du ministère du développement  de l investissement et de la coopération internationale  MDICI  et l Instance Générale de Partenariat Public Privé  IGPPP  avec la Société financière internationale  SFI  relevant de La Banque Mondiale  BM  et la Banque européenne pour la reconstruction et le développement  BERD  33 projets importants d une valeur totale dépassant les 13 000 millions de dinars ont été présentés  Ces projets sont liés à des secteurs vitaux tels que  Ces projets sectoriels ont été présentés dans des workshops animés par les ministres de tutelle ainsi que des experts tunisiens et internationaux Par ailleurs  en marge de ce Forum  s est tenu un panel pour présenter le cadre conceptuel et juridique ainsi que quelques retours d expérience réussies dans d autres pays de projets gérés par les communes et qui ont été réalisées en ayant recours aux partenariats public privé Afin de faciliter la compréhension de ce mode de réalisation des projets d infrastructure  nous essayerons d exposer les principaux montages  marché public  concession  PPP  et de différencier les PPP des concessions Quels sont les principaux montages pour la construction et l exploitation d infrastructure  Gestion directe par l Etat  marché public    L Etat assure directement  ou via une entreprise publique  l exploitation de l infrastructure sans recours au privé  sauf pour des achats publics  marchés de travaux    Pas de transfert de risque d exploitation sur le privé Transfert de l essentiel des risques au privé  concession    Le concessionnaire construit l ouvrage à ses frais   l exploite sur une certaine durée et doit le transférer à l Etat en fin de contrat  moyennant une rémunération auprès des usagers de l ouvrage Partage des risques entre le privé et le public  contrat de PPP    Une mission globale de conception  de construction  ou rénovation  et de maintenance de l ouvrage sur une certaine durée  moyennant rémunération de la part de la personne publique gestionnaire de l ouvrage  étalée sur la durée   Dans ce schéma  il n y a pas de délégation de la gestion du service ou de l ouvrage par le privé PPP institutionnel   Création d une société mixte entre le privé et le public Quel cadre juridique pour les concessions   Les concessions sont réglementées par la loi 23 2008 du 01 04 2008  Cette loi définit la concession comme étant le contrat par lequel une personne publique dénommée   concédant   délègue  pour une durée limitée  à une personne publique ou privée dénommée   concessionnaire    la gestion d un service public ou l utilisation et l exploitation des domaines ou des outillages publics en contrepartie de rémunération qu il perçoit sur les usagers à son profit dans les conditions fixées par le contrat Ainsi  la gestion du service ou de l ouvrage est assurée directement par le concessionnaire d où un transfert important du risque sur le privé  En outre  en fin de contrat  les terrains  constructions et ouvrages du projet reviennent gratuitement à l autorité concédante Quel cadre juridique pour les contrats de PPP   Les contrats de partenariat public privé sont régis par la loi 49 2015 du 27 11 2015  Cette loi définit le contrat de PPP comme étant un contrat écrit à durée déterminée par lequel une personne publique confie à un partenaire privé une mission globale portant totalement ou partiellement sur la conception et la réalisation d ouvrages  d équipements ou d infrastructures matérielles ou immatérielles nécessaires pour assurer un service public  Le contrat de partenariat comporte le financement  la réalisation ou la transformation et la maintenance moyennant une rémunération versée par la personne publique au partenaire privé pendant la durée du contrat Contrairement à la concession  le contrat de PPP ne comporte pas une délégation pour la gestion du service public directement par le partenaire privé  le service demeure géré par la personne publique compétente  Bonjour Veuillez nous informer comment participer a cette opportunite Merci Brahim Mob  90555699Merci Maître et félicitations  Δcontact entreprises magazine comredaction entreprises magazine comTél     216 71 788 200Fax    216 71 785 510,https://www.entreprises-magazine.com/wp-content/uploads/2019/01/Maître-Aslan-Berjeb.jpg
Exclusif   Comment la Banque Rothschild a vendu Esprit pour près de 100 millions d Euro  ,Traversée depuis assez longtemps par des querelles existentielles et comptables  l Université Esprit est victime de son succès  Selon nos sources les trois fondateurs  Tahar Belakhdar  Naceur Ammar et Mohamed Jaou  s écharpent sur des sujets futiles au grand dam d une myriade de petits actionnaires et de Tuninvest qui a beaucoup investit  La plus célèbre des universités privée en Tunisie vit une crise de gouvernance Cette mauvaise passe n affecte paradoxalement pas le label qualité de cette institution née en 2003 dans l austère zone industrielle de la Charguia II C est le contraire qui se produit les propriétaires divisés sur l avenir reçoivent des offres de rachat de la part de grands groupes tunisiens et étrangers dont le groupe université centrale détenu par le réseau Honoris lui même contrôlé par Actis un puissant fonds d investissement britannique très présent en Afrique et dans le secteur de l Education Dépité par des offres peu convaincantes Africinvest  maison mère de Tuninvest recours aux services de la banque d affaires Rothschild le but de cette manœuvre stratégique étant au final de doter Esprit d une valorisation internationale et c est chose faite  Légèrement écœurés par ce piège à renard la plupart des soumissionnaires jettent l éponge et notamment DPI et Gallileo sauf un  le britannique Actis qui revient à la charge par la porte de service  Les négociations entre les deux parties sont loin de s enliser et un accord est vite trouvé  Actis sort son chéquier Selon des sources généralement bien informées la transaction est estimée entre 80 et 100 millions d euros Esprit se déleste de son patrimoine et vend tout  le campus  le lycée et l école primaire  une page est tournée dans l histoire de l enseignement privé en Tunisie  un secteur salué par tout le continent africaine  Une fois cette grande OPA achevée Esprit passera sous le pavillon Université Centrale Honoris  Dans les faits c est une belle victoire pour le groupe britannique qui renforce son emprise tentaculaire sur l éducation en Afrique après  une récente grosse acquisition au Nigéria En parallèle  le feuilleton de la vente de Esprit représente une belle revanche pour le groupe Centrale qui voit passer sous son giron une université prestigieuse synonyme de qualité académique chose qui toujours fait défaut au groupe fondé par la famille Ben Turkia au début des années 2000  Une fois la transaction d Esprit terminée  l opération dans le fonds comme dans la forme  soulève trois questions  D abord un problème de monopole  Faisons les calculs   le groupe Centrale c est 10 000 étudiants et esprit 7000  Ensemble ils pèseront désormais 17 000 étudiants sur les 30 000 que compte le secteur  Cette nouvelle entité universitaire représente à présent 51  du secteur et à titre indicatif 10  du pôle santé C est de facto une position de monopole au moment où le secteur de l enseignement supérieur privé traverse une crise d une grande ampleur avec son lot de mauvaises nouvelles comme l effondrement du pouvoir d achat des tunisiens et un déclin sans précédent d étudiants africains qui choisissent la Tunisie pour poursuivre leurs études supérieures  Ensuite vient l épineuse question de l actionnariat étranger En Tunisie la loi est claire  pas d ambiguïté possible  Les capitaux et les investisseurs étrangers ne peuvent contrôler plus de 35  des parts sociales dans une institution d enseignement supérieur privé  Or  ce n est pas du tout le cas ici  le couple Ben Turkia et les fondateurs d Esprit auraient mystérieusement  disparus de la gouvernance financière des deux entités et des radars de la gestion opérationnelle     Dans un tel cas de figure le troisième problème nous met face à un dilemme de souveraineté nationale et académique   Trois exemples s invitent à la table  Tunis Paris Dauphine où malgré la présence des capitaux français  c est le groupe Mabrouk qui détient la majorité et assure la gouvernance  même scénario avec Essca Business School à Sousse et qui en dépit de capitaux français c est le groupe Zouari qui garde la main  et puis pour finir un exemple épique  celui du groupe universitaire tunisien IHET qui a refusé un gros chèque d investisseurs étrangers motif invoqué la souveraineté de la Tunisie  Des lors  une question se pose  qui décidera de l avenir académique de nos universités privées  Londres ou le vénérable du ministère de l Enseignement sur l avenue Ouled Haffouz  Par   Nabil ALLANIsource L ihe sousse m avait volé des années de ma vie et de mon salaire   Actuellement je suis en justice avec ces types pour avoir ma retraite   Nichkihom il rabbi c est simple vous avez un homme comme mr tahar belkdar comme dirigent vu son experience il ne peut qur reussir bravo si taharEsperons que cette transaction ne  s  achève pas  et que notre enseignement reste entre nos mains   Les capitaux étrangers ne peuvent pas contrôler pkus de 35   ceci n ai plus vrai  Il y a eu une nouvelle loi  2018 2019  qui autorise le dépassement de 51   Le rôle de notre ministre est de contrôler la qualité de la formation avec des instances indépendante et aussi améliorer la qualité de la formation publique  je trouve étrange que nos universitaires refusent toutes forme de contrôle sur leurs travail malgré qu ils sont payés par le contribuable  Les exemples de forme de contrôle de qualité ne manquent pas  exemple UK pour tout domaines  ou l accréditation dans la formation des ingénieurs Les capitaux étrangers ne peuvent pas contrôler pkus de 35   ceci n ai plus vrai  Il y a eu une nouvelle loi  2018 2019  qui autorise le dépassement de 51   Le rôle de notre ministre est de contrôler la qualité de la formation avec des instances indépendante et aussi améliorer la qualité de la formation publique  je trouve étrange que nos universitaires refusent toutes forme de contrôle sur leurs travail malgré qu ils sont payés par le contribuable  Les exemples de forme de contrôle de qualité ne manquent pas  exemple UK pour tout domaines  ou l accréditation dans la formation des ingénieurs Source svoLa souveraineté nationale n est plus qu un vieux souvenir   le printemps arabe et ceux qui l ont monté de tête pièces on voulu ainsi   Triste pour la Tunisie Adieu à l enseignement supérieur national tunisien   Adieu    Les investisseurs etrangers étrangers s arrachent le cadeau et chose étrange   quotidiennement les radios locales font de la publicité invitant les tunisiens à venir étudier en France   alors que leurs niveaux est assez bas   Incroyable  des choses qui se passent sans que le peuple tunisien est au courant  triste pour la Tunisie  tout venant arrache un morceau et pire que l ancien parlement  majless el8oumma  a tout fait pour vendre la Tunisie surtout cette loi que tout étranger peut avoir plus que 51 de son achat Bonjour je suis Burkinabè et je suis fier de votre entreprise  Δcontact entreprises magazine comredaction entreprises magazine comTél     216 71 788 200Fax    216 71 785 510,https://www.entreprises-magazine.com/wp-content/uploads/2020/07/Esprit-vendu-par-la-banque-Rothschild-696x385.png
3ème édition de MEDRH   l intégration des technologies avancées dans le management des ressources humaines,Dans le cadre de la préparation de la troisième édition des Rencontres Méditerranéennes des Ressources Humaines  MEDRH 2018   les organisateurs de ce rendez vous régional d envergure ont procédé à une présentation de son programme ainsi que de ses axes principaux dans la matinée du mercredi 12 septembre 2018  Cette troisième édition se focalisera essentiellement sur l impact des nouvelles technologies et de l intelligence artificielle sur le secteur des Ressources Humaines en Tunisie  Plusieurs workshops stratégiques sont prévus avec la participation de l Institut Tunisien des Etudes Stratégiques  ITES   du ministère de l enseignement supérieur et de la recherche scientifique et du Centre des Carrières et de Certification des Compétences  L objectif est de mettre en œuvre une approche participative visant à contrôler l intervention de plus en plus prononcée des nouvelles technologies dans la gestion des ressources humaines  Ce phénomène participera  d après les experts de MEDRH  à l apparition de nouvelles disciplines dans les ressources humaines au détriment de leur mode de gestion classique et inadapté à l évolution économique et au marché de l emploi  Les ateliers stratégiques de la troisième édition s adresseront à la nouvelle génération à travers la participation d étudiants en Master RH  Ils auront l occasion de découvrir les spécificités du métier de management des Ressources Humaines et bénéficieront des conseils avisés et ciblés de praticiens visant à l amélioration de leurs projets professionnels  Les entreprises auront également l opportunité de présenter leurs nouveautés à travers les Workshops professionnels qui serviront de vitrines pour leurs produits et services dans le domaine des Ressources Humaines  L idée est de préparer le terrain à l intégration des technologies avancées dans la gestion des ressources humaines sans pour autant mettre en péril la survie  l intégrité et le rôle prédominant de ce secteur au sein de nos entreprises  Cette intégration permettra ainsi  non pas de remplacer le facteur humain par la robotisation des taches au sein des entreprise  mais d optimiser la gestion des ressources humaines et d augmenter  via des procédés innovants  le rendement des salariés de l entreprise  Des salariés qui  pour se familiariser à la numérisation et la digitalisation des ressources humaines en Tunisie devront suivre des cursus de formation visant à développer leurs compétences personnelles et organisationnelles  MEDRH œuvre en ce sens à remettre à niveau le secteur des ressources humaines en Tunisie et à diffuser ce modèle grâce à son rayonnement à l échelle régionale et continentale Maher Ben RomdhaneA LIRE AUSSI    Zied Rouissi  DG du CNFCPP   l Etat dispose des ressources nécessaires pour développer le secteur RH   Δcontact entreprises magazine comredaction entreprises magazine comTél     216 71 788 200Fax    216 71 785 510,https://www.entreprises-magazine.com/wp-content/uploads/2018/09/MEDRH-696x385.png
Tunisie digitale 2020   La BAD pave la voie à une éducation connectée et inclusive,Un vent de modernité souffle sur l éducation tunisienne avec le projet Tunisie digitale 2020  mis en lumière dans la rubrique   Success stories   de la Banque Africaine de Développement  BAD  Ce projet  financé à hauteur de 71 millions d euros par la BAD en 2018  continue de progresser  offrant de nouvelles perspectives éducatives aux élèves tunisiens Au cœur de ce projet  la   valise digitale    financée par la BAD  révolutionne les salles de classe tunisiennes  Conçue pour rendre l apprentissage plus interactif et ludique  cette valise contient des tablettes connectées qui permettent aux élèves d accéder à des contenus pédagogiques innovants via la fibre optique Pour Wiem Khairallah  enseignante à l école primaire Mohamed Al Soltani  cette innovation a réellement changé la donne pour ses élèves  notamment ceux en difficulté d apprentissage    C est une avancée réelle pour les élèves qui ont des difficultés d apprentissage à la lecture ou à l oral  surtout lorsqu ils sont timides    explique t elle Grâce à cette technologie  les cours deviennent plus attrayants et les élèves plus motivés    Nous constatons une véritable différence entre l avant tablette et l après  notamment pour l apprentissage des mots  dont l orthographe était parfois difficile à saisir pour les élèves    note Wiem Khairallah L application éducative sur les tablettes permet à chaque élève de participer anonymement  sans craindre le jugement de ses camarades  favorisant ainsi une participation plus active en classe    Il y a une dimension ludique moins discriminante    renchérit Wiem Khairallah Ce projet pilote  mené par le Centre National tunisien des Technologies en Education  CNTE   ne se limite pas à une seule école  Il s inscrit dans un projet plus vaste  comme l explique le ministre des Télécommunications  Nizar Ben Beji     Ce projet pilote s inscrit dans l objectif d Edunet 10  un programme qui prévoit de raccorder plus de 3 300 établissements scolaires à la fibre optique  pour un budget de près de 40 millions d euros  soit 132 millions de dinars tunisiens   Dans un pays qui lutte activement contre la fracture numérique  l intégration de la fibre optique dans les écoles  même celles des quartiers populaires  fait une réelle différence    Nous le constatons  les enfants sont bien plus motivés  Ils attendent avec impatience la partie du cours avec les tablettes qui fonctionnent beaucoup plus efficacement grâce à la fibre optique  Ça les aide à gagner en confiance et à mieux apprendre  plus rapidement    souligne l enseignante Le directeur de l école  Hafedh Khairallah  soutient pleinement cette initiative  encouragé par l enthousiasme des élèves pour les nouvelles technologies    La nouvelle génération d élèves tunisiens est passionnée et très impliquée dans l usage des nouvelles technologies    reconnaît il En Tunisie  où le décrochage scolaire reste un défi majeur  le haut débit et les technologies éducatives offrent une réelle opportunité d améliorer l accès à l éducation  de stimuler la créativité des élèves et de renforcer l inclusion sociale   Δcontact entreprises magazine comredaction entreprises magazine comTél     216 71 788 200Fax    216 71 785 510,https://www.entreprises-magazine.com/wp-content/uploads/2024/05/tunisie-digital-696x464.jpg
Comment Archidoc révolutionne l archivage en Tunisie et vise l international  ,Dans sa rubrique   Success stories    la Banque Africaine de Développement  BAD  a choisi de mettre en lumière le parcours de Archidoc  leader tunisien de l archivage et de la transition digitale Fondée par Nabil Ezzine  en 1997  l entreprise a su s imposer sur le marché grâce à son expertise et son engagement envers la préservation et l accessibilité des archives de ses clients Avec près de 25 000 m² d espaces sécurisés à Tunis dédiés au stockage et à la numérisation des archives  Archidoc offre des services de haute qualité répondant aux normes internationales  Outre le stockage physique des archives  Archidoc propose une gamme complète de services pour accompagner les organisations dans leur transition vers l excellence documentaire  En plus des services de conseil et de gestion de projet  l entreprise dispose d un centre technique pour la numérisation sur mesure de divers fonds documentaires  De plus  la cellule   Solutions   déploie des solutions d archivage électronique L un des points forts d Archidoc est sa capacité à traiter les archives sensibles    Nous avons développé plusieurs plateformes d archivage sur des supports physiques et numériques adaptées aux besoins de nos clients  Dans le secteur de la santé par exemple  certains actes médicaux sensibles nécessitent un accès quasi immédiat aux dossiers des patients  parfois très anciens  Bien archiver peut sauver des vies      déclare Nabil Ezzine Le défi majeur pour Archidoc aujourd hui est d accompagner la transition numérique de ses clients en utilisant les dernières technologies documentaires et l intelligence artificielle  Aujourd hui  Archidoc fournit ses services à des institutions financières  des acteurs de la santé  des sociétés pétrolières et aéronautiques  ainsi qu à l administration  désireuse de protéger son patrimoine documentaire et d améliorer ses services Démarrant avec seulement quelques employés  l entreprise compte aujourd hui une équipe pluridisciplinaire de 80 personnes et exporte son expertise à l international   Nous avons des profils issus de formations universitaires spécialisées en documentation et gestion électronique de documents  mais aussi des collaborateurs ayant suivi des cursus alternatifs comme le management ou les langues étrangères  qui s épanouissent dans notre domaine    précise Nabil Ezzine La BAD explique que son expansion a été facilitée par des financements de la Banque de financement des petites et moyennes entreprises  BFPME   soutenue par des programmes d assistance technique de la Banque africaine de développement Archidoc ambitionne désormais de s étendre en Afrique et mise de plus en plus sur son rôle d acteur technologique pour saisir les opportunités de la digitalisation Avec un marché mondial de l archivage estimé à plus de huit milliards de dollars en 2024  qui devrait atteindre près de 14 milliards de dollars en 2029  le secteur offre des perspectives de croissance prometteuses   Δcontact entreprises magazine comredaction entreprises magazine comTél     216 71 788 200Fax    216 71 785 510,https://www.entreprises-magazine.com/wp-content/uploads/2024/05/ss-archidoc-7-696x446.jpg
Tunisie   Algérie   Signature d un accord clé pour renforcer la coopération économique,La Chambre de Commerce et d Industrie de Sfax  CCIS  et la Chambre de Commerce et d Industrie du Sahel Boumerdès viennent de conclure un accord de coopération et de partenariat Scellé en marge des   Rencontres Professionnelles Tuniso Algériennes d Investissement et de Partenariat   qui se sont déroulées du 5 au 9 mai 2024 à Alger  cet accord marque une avancée significative vers un renforcement des liens entre les milieux d affaires de Tunisie et d Algérie Lors de cet évènement  une délégation tunisienne  composée de 17 entreprises ont pris part aux quelques 200 rencontres d affaires directes  B2B  qui ont eu lieu entre les opérateurs tunisiens et leurs homologues algériens  impliquant des représentants des secteurs public et privé La délégation d hommes d affaires tunisiens a également eu l occasion de participer à une séance de travail au siège de l Agence Nationale de Promotion du Commerce Extérieur  ALGEX  à Alger  ainsi que de visiter des sites de production dans la région de Boumerdès   Δcontact entreprises magazine comredaction entreprises magazine comTél     216 71 788 200Fax    216 71 785 510,https://www.entreprises-magazine.com/wp-content/uploads/2024/05/cache_660x660_Analog_medium_17445115_227192_10052024.jpg
Retour sur le Forum international sur les Partenariats public privé,En présence de 1200 participants  dont 250 représentants de groupes internationaux  s est tenu le 18 septembre dernier  le Forum international sur les partenariats public privé  PPP  organisé à l initiative du ministère du développement  de l investissement et de la coopération internationale  MDICI  et l Instance Générale de Partenariat Public Privé  IGPPP  avec la Société financière internationale  SFI  relevant de La Banque Mondiale  BM  et la Banque européenne pour la reconstruction et le développement  BERD  33 projets importants d une valeur totale dépassant les 13 000 millions de dinars ont été présentés  Ces projets sont liés à des secteurs vitaux tels que  Ces projets sectoriels ont été présentés dans des workshops animés par les ministres de tutelle ainsi que des experts tunisiens et internationaux Par ailleurs  en marge de ce Forum  s est tenu un panel pour présenter le cadre conceptuel et juridique ainsi que quelques retours d expérience réussies dans d autres pays de projets gérés par les communes et qui ont été réalisées en ayant recours aux partenariats public privé Afin de faciliter la compréhension de ce mode de réalisation des projets d infrastructure  nous essayerons d exposer les principaux montages  marché public  concession  PPP  et de différencier les PPP des concessions Quels sont les principaux montages pour la construction et l exploitation d infrastructure  Gestion directe par l Etat  marché public    L Etat assure directement  ou via une entreprise publique  l exploitation de l infrastructure sans recours au privé  sauf pour des achats publics  marchés de travaux    Pas de transfert de risque d exploitation sur le privé Transfert de l essentiel des risques au privé  concession    Le concessionnaire construit l ouvrage à ses frais   l exploite sur une certaine durée et doit le transférer à l Etat en fin de contrat  moyennant une rémunération auprès des usagers de l ouvrage Partage des risques entre le privé et le public  contrat de PPP    Une mission globale de conception  de construction  ou rénovation  et de maintenance de l ouvrage sur une certaine durée  moyennant rémunération de la part de la personne publique gestionnaire de l ouvrage  étalée sur la durée   Dans ce schéma  il n y a pas de délégation de la gestion du service ou de l ouvrage par le privé PPP institutionnel   Création d une société mixte entre le privé et le public Quel cadre juridique pour les concessions   Les concessions sont réglementées par la loi 23 2008 du 01 04 2008  Cette loi définit la concession comme étant le contrat par lequel une personne publique dénommée   concédant   délègue  pour une durée limitée  à une personne publique ou privée dénommée   concessionnaire    la gestion d un service public ou l utilisation et l exploitation des domaines ou des outillages publics en contrepartie de rémunération qu il perçoit sur les usagers à son profit dans les conditions fixées par le contrat Ainsi  la gestion du service ou de l ouvrage est assurée directement par le concessionnaire d où un transfert important du risque sur le privé  En outre  en fin de contrat  les terrains  constructions et ouvrages du projet reviennent gratuitement à l autorité concédante Quel cadre juridique pour les contrats de PPP   Les contrats de partenariat public privé sont régis par la loi 49 2015 du 27 11 2015  Cette loi définit le contrat de PPP comme étant un contrat écrit à durée déterminée par lequel une personne publique confie à un partenaire privé une mission globale portant totalement ou partiellement sur la conception et la réalisation d ouvrages  d équipements ou d infrastructures matérielles ou immatérielles nécessaires pour assurer un service public  Le contrat de partenariat comporte le financement  la réalisation ou la transformation et la maintenance moyennant une rémunération versée par la personne publique au partenaire privé pendant la durée du contrat Contrairement à la concession  le contrat de PPP ne comporte pas une délégation pour la gestion du service public directement par le partenaire privé  le service demeure géré par la personne publique compétente  Bonjour Veuillez nous informer comment participer a cette opportunite Merci Brahim Mob  90555699Merci Maître et félicitations  Δcontact entreprises magazine comredaction entreprises magazine comTél     216 71 788 200Fax    216 71 785 510,https://www.entreprises-magazine.com/wp-content/uploads/2019/01/Maître-Aslan-Berjeb.jpg
Exclusif   Comment la Banque Rothschild a vendu Esprit pour près de 100 millions d Euro  ,Traversée depuis assez longtemps par des querelles existentielles et comptables  l Université Esprit est victime de son succès  Selon nos sources les trois fondateurs  Tahar Belakhdar  Naceur Ammar et Mohamed Jaou  s écharpent sur des sujets futiles au grand dam d une myriade de petits actionnaires et de Tuninvest qui a beaucoup investit  La plus célèbre des universités privée en Tunisie vit une crise de gouvernance Cette mauvaise passe n affecte paradoxalement pas le label qualité de cette institution née en 2003 dans l austère zone industrielle de la Charguia II C est le contraire qui se produit les propriétaires divisés sur l avenir reçoivent des offres de rachat de la part de grands groupes tunisiens et étrangers dont le groupe université centrale détenu par le réseau Honoris lui même contrôlé par Actis un puissant fonds d investissement britannique très présent en Afrique et dans le secteur de l Education Dépité par des offres peu convaincantes Africinvest  maison mère de Tuninvest recours aux services de la banque d affaires Rothschild le but de cette manœuvre stratégique étant au final de doter Esprit d une valorisation internationale et c est chose faite  Légèrement écœurés par ce piège à renard la plupart des soumissionnaires jettent l éponge et notamment DPI et Gallileo sauf un  le britannique Actis qui revient à la charge par la porte de service  Les négociations entre les deux parties sont loin de s enliser et un accord est vite trouvé  Actis sort son chéquier Selon des sources généralement bien informées la transaction est estimée entre 80 et 100 millions d euros Esprit se déleste de son patrimoine et vend tout  le campus  le lycée et l école primaire  une page est tournée dans l histoire de l enseignement privé en Tunisie  un secteur salué par tout le continent africaine  Une fois cette grande OPA achevée Esprit passera sous le pavillon Université Centrale Honoris  Dans les faits c est une belle victoire pour le groupe britannique qui renforce son emprise tentaculaire sur l éducation en Afrique après  une récente grosse acquisition au Nigéria En parallèle  le feuilleton de la vente de Esprit représente une belle revanche pour le groupe Centrale qui voit passer sous son giron une université prestigieuse synonyme de qualité académique chose qui toujours fait défaut au groupe fondé par la famille Ben Turkia au début des années 2000  Une fois la transaction d Esprit terminée  l opération dans le fonds comme dans la forme  soulève trois questions  D abord un problème de monopole  Faisons les calculs   le groupe Centrale c est 10 000 étudiants et esprit 7000  Ensemble ils pèseront désormais 17 000 étudiants sur les 30 000 que compte le secteur  Cette nouvelle entité universitaire représente à présent 51  du secteur et à titre indicatif 10  du pôle santé C est de facto une position de monopole au moment où le secteur de l enseignement supérieur privé traverse une crise d une grande ampleur avec son lot de mauvaises nouvelles comme l effondrement du pouvoir d achat des tunisiens et un déclin sans précédent d étudiants africains qui choisissent la Tunisie pour poursuivre leurs études supérieures  Ensuite vient l épineuse question de l actionnariat étranger En Tunisie la loi est claire  pas d ambiguïté possible  Les capitaux et les investisseurs étrangers ne peuvent contrôler plus de 35  des parts sociales dans une institution d enseignement supérieur privé  Or  ce n est pas du tout le cas ici  le couple Ben Turkia et les fondateurs d Esprit auraient mystérieusement  disparus de la gouvernance financière des deux entités et des radars de la gestion opérationnelle     Dans un tel cas de figure le troisième problème nous met face à un dilemme de souveraineté nationale et académique   Trois exemples s invitent à la table  Tunis Paris Dauphine où malgré la présence des capitaux français  c est le groupe Mabrouk qui détient la majorité et assure la gouvernance  même scénario avec Essca Business School à Sousse et qui en dépit de capitaux français c est le groupe Zouari qui garde la main  et puis pour finir un exemple épique  celui du groupe universitaire tunisien IHET qui a refusé un gros chèque d investisseurs étrangers motif invoqué la souveraineté de la Tunisie  Des lors  une question se pose  qui décidera de l avenir académique de nos universités privées  Londres ou le vénérable du ministère de l Enseignement sur l avenue Ouled Haffouz  Par   Nabil ALLANIsource L ihe sousse m avait volé des années de ma vie et de mon salaire   Actuellement je suis en justice avec ces types pour avoir ma retraite   Nichkihom il rabbi c est simple vous avez un homme comme mr tahar belkdar comme dirigent vu son experience il ne peut qur reussir bravo si taharEsperons que cette transaction ne  s  achève pas  et que notre enseignement reste entre nos mains   Les capitaux étrangers ne peuvent pas contrôler pkus de 35   ceci n ai plus vrai  Il y a eu une nouvelle loi  2018 2019  qui autorise le dépassement de 51   Le rôle de notre ministre est de contrôler la qualité de la formation avec des instances indépendante et aussi améliorer la qualité de la formation publique  je trouve étrange que nos universitaires refusent toutes forme de contrôle sur leurs travail malgré qu ils sont payés par le contribuable  Les exemples de forme de contrôle de qualité ne manquent pas  exemple UK pour tout domaines  ou l accréditation dans la formation des ingénieurs Les capitaux étrangers ne peuvent pas contrôler pkus de 35   ceci n ai plus vrai  Il y a eu une nouvelle loi  2018 2019  qui autorise le dépassement de 51   Le rôle de notre ministre est de contrôler la qualité de la formation avec des instances indépendante et aussi améliorer la qualité de la formation publique  je trouve étrange que nos universitaires refusent toutes forme de contrôle sur leurs travail malgré qu ils sont payés par le contribuable  Les exemples de forme de contrôle de qualité ne manquent pas  exemple UK pour tout domaines  ou l accréditation dans la formation des ingénieurs Source svoLa souveraineté nationale n est plus qu un vieux souvenir   le printemps arabe et ceux qui l ont monté de tête pièces on voulu ainsi   Triste pour la Tunisie Adieu à l enseignement supérieur national tunisien   Adieu    Les investisseurs etrangers étrangers s arrachent le cadeau et chose étrange   quotidiennement les radios locales font de la publicité invitant les tunisiens à venir étudier en France   alors que leurs niveaux est assez bas   Incroyable  des choses qui se passent sans que le peuple tunisien est au courant  triste pour la Tunisie  tout venant arrache un morceau et pire que l ancien parlement  majless el8oumma  a tout fait pour vendre la Tunisie surtout cette loi que tout étranger peut avoir plus que 51 de son achat Bonjour je suis Burkinabè et je suis fier de votre entreprise  Δcontact entreprises magazine comredaction entreprises magazine comTél     216 71 788 200Fax    216 71 785 510,https://www.entreprises-magazine.com/wp-content/uploads/2020/07/Esprit-vendu-par-la-banque-Rothschild-696x385.png
Tunisie digitale 2020   La BAD pave la voie à une éducation connectée et inclusive,Un vent de modernité souffle sur l éducation tunisienne avec le projet Tunisie digitale 2020  mis en lumière dans la rubrique   Success stories   de la Banque Africaine de Développement  BAD  Ce projet  financé à hauteur de 71 millions d euros par la BAD en 2018  continue de progresser  offrant de nouvelles perspectives éducatives aux élèves tunisiens Au cœur de ce projet  la   valise digitale    financée par la BAD  révolutionne les salles de classe tunisiennes  Conçue pour rendre l apprentissage plus interactif et ludique  cette valise contient des tablettes connectées qui permettent aux élèves d accéder à des contenus pédagogiques innovants via la fibre optique Pour Wiem Khairallah  enseignante à l école primaire Mohamed Al Soltani  cette innovation a réellement changé la donne pour ses élèves  notamment ceux en difficulté d apprentissage    C est une avancée réelle pour les élèves qui ont des difficultés d apprentissage à la lecture ou à l oral  surtout lorsqu ils sont timides    explique t elle Grâce à cette technologie  les cours deviennent plus attrayants et les élèves plus motivés    Nous constatons une véritable différence entre l avant tablette et l après  notamment pour l apprentissage des mots  dont l orthographe était parfois difficile à saisir pour les élèves    note Wiem Khairallah L application éducative sur les tablettes permet à chaque élève de participer anonymement  sans craindre le jugement de ses camarades  favorisant ainsi une participation plus active en classe    Il y a une dimension ludique moins discriminante    renchérit Wiem Khairallah Ce projet pilote  mené par le Centre National tunisien des Technologies en Education  CNTE   ne se limite pas à une seule école  Il s inscrit dans un projet plus vaste  comme l explique le ministre des Télécommunications  Nizar Ben Beji     Ce projet pilote s inscrit dans l objectif d Edunet 10  un programme qui prévoit de raccorder plus de 3 300 établissements scolaires à la fibre optique  pour un budget de près de 40 millions d euros  soit 132 millions de dinars tunisiens   Dans un pays qui lutte activement contre la fracture numérique  l intégration de la fibre optique dans les écoles  même celles des quartiers populaires  fait une réelle différence    Nous le constatons  les enfants sont bien plus motivés  Ils attendent avec impatience la partie du cours avec les tablettes qui fonctionnent beaucoup plus efficacement grâce à la fibre optique  Ça les aide à gagner en confiance et à mieux apprendre  plus rapidement    souligne l enseignante Le directeur de l école  Hafedh Khairallah  soutient pleinement cette initiative  encouragé par l enthousiasme des élèves pour les nouvelles technologies    La nouvelle génération d élèves tunisiens est passionnée et très impliquée dans l usage des nouvelles technologies    reconnaît il En Tunisie  où le décrochage scolaire reste un défi majeur  le haut débit et les technologies éducatives offrent une réelle opportunité d améliorer l accès à l éducation  de stimuler la créativité des élèves et de renforcer l inclusion sociale   Δcontact entreprises magazine comredaction entreprises magazine comTél     216 71 788 200Fax    216 71 785 510,https://www.entreprises-magazine.com/wp-content/uploads/2024/05/tunisie-digital-696x464.jpg
Comment Archidoc révolutionne l archivage en Tunisie et vise l international  ,Dans sa rubrique   Success stories    la Banque Africaine de Développement  BAD  a choisi de mettre en lumière le parcours de Archidoc  leader tunisien de l archivage et de la transition digitale Fondée par Nabil Ezzine  en 1997  l entreprise a su s imposer sur le marché grâce à son expertise et son engagement envers la préservation et l accessibilité des archives de ses clients Avec près de 25 000 m² d espaces sécurisés à Tunis dédiés au stockage et à la numérisation des archives  Archidoc offre des services de haute qualité répondant aux normes internationales  Outre le stockage physique des archives  Archidoc propose une gamme complète de services pour accompagner les organisations dans leur transition vers l excellence documentaire  En plus des services de conseil et de gestion de projet  l entreprise dispose d un centre technique pour la numérisation sur mesure de divers fonds documentaires  De plus  la cellule   Solutions   déploie des solutions d archivage électronique L un des points forts d Archidoc est sa capacité à traiter les archives sensibles    Nous avons développé plusieurs plateformes d archivage sur des supports physiques et numériques adaptées aux besoins de nos clients  Dans le secteur de la santé par exemple  certains actes médicaux sensibles nécessitent un accès quasi immédiat aux dossiers des patients  parfois très anciens  Bien archiver peut sauver des vies      déclare Nabil Ezzine Le défi majeur pour Archidoc aujourd hui est d accompagner la transition numérique de ses clients en utilisant les dernières technologies documentaires et l intelligence artificielle  Aujourd hui  Archidoc fournit ses services à des institutions financières  des acteurs de la santé  des sociétés pétrolières et aéronautiques  ainsi qu à l administration  désireuse de protéger son patrimoine documentaire et d améliorer ses services Démarrant avec seulement quelques employés  l entreprise compte aujourd hui une équipe pluridisciplinaire de 80 personnes et exporte son expertise à l international   Nous avons des profils issus de formations universitaires spécialisées en documentation et gestion électronique de documents  mais aussi des collaborateurs ayant suivi des cursus alternatifs comme le management ou les langues étrangères  qui s épanouissent dans notre domaine    précise Nabil Ezzine La BAD explique que son expansion a été facilitée par des financements de la Banque de financement des petites et moyennes entreprises  BFPME   soutenue par des programmes d assistance technique de la Banque africaine de développement Archidoc ambitionne désormais de s étendre en Afrique et mise de plus en plus sur son rôle d acteur technologique pour saisir les opportunités de la digitalisation Avec un marché mondial de l archivage estimé à plus de huit milliards de dollars en 2024  qui devrait atteindre près de 14 milliards de dollars en 2029  le secteur offre des perspectives de croissance prometteuses   Δcontact entreprises magazine comredaction entreprises magazine comTél     216 71 788 200Fax    216 71 785 510,https://www.entreprises-magazine.com/wp-content/uploads/2024/05/ss-archidoc-7-696x446.jpg
Tunisie   Algérie   Signature d un accord clé pour renforcer la coopération économique,La Chambre de Commerce et d Industrie de Sfax  CCIS  et la Chambre de Commerce et d Industrie du Sahel Boumerdès viennent de conclure un accord de coopération et de partenariat Scellé en marge des   Rencontres Professionnelles Tuniso Algériennes d Investissement et de Partenariat   qui se sont déroulées du 5 au 9 mai 2024 à Alger  cet accord marque une avancée significative vers un renforcement des liens entre les milieux d affaires de Tunisie et d Algérie Lors de cet évènement  une délégation tunisienne  composée de 17 entreprises ont pris part aux quelques 200 rencontres d affaires directes  B2B  qui ont eu lieu entre les opérateurs tunisiens et leurs homologues algériens  impliquant des représentants des secteurs public et privé La délégation d hommes d affaires tunisiens a également eu l occasion de participer à une séance de travail au siège de l Agence Nationale de Promotion du Commerce Extérieur  ALGEX  à Alger  ainsi que de visiter des sites de production dans la région de Boumerdès   Δcontact entreprises magazine comredaction entreprises magazine comTél     216 71 788 200Fax    216 71 785 510,https://www.entreprises-magazine.com/wp-content/uploads/2024/05/cache_660x660_Analog_medium_17445115_227192_10052024.jpg
Signature d un partenariat pour mieux protéger les artisans en Tunisie,Le Centre de Recherches et d Études Sociales et l Office National de l Artisanat ont scellé un partenariat  dans le cadre de la stratégie nationale visant à étendre la couverture sociale à tous les professionnels Paraphé par Sondos Manser Semlali  Directrice Générale du Centre et Faouzi Ben Halima  directeur de l Office  ce protocole vise à favoriser l échange de données entre les deux institutions Concrètement  ce protocole prévoit que le Centre de Recherches et d Études Sociales croise les données statistiques de l Office National de l Artisanat avec sa propre base de données sur les artisans à travers le pays ainsi que sur les professionnels œuvrant dans des activités à vocation artisanale Outre cet échange de données  les deux organismes s engagent dans l élaboration d un programme d études commun portant sur la protection sociale des artisans   Δcontact entreprises magazine comredaction entreprises magazine comTél     216 71 788 200Fax    216 71 785 510,https://www.entreprises-magazine.com/wp-content/uploads/2024/05/tunisie-onat-affairesociales.jpg
